{"cameraMode":{"drawMode":0,"name":"Shaded","section":"Shading Mode"},"sceneLighting":false,"audioPlay":false,"sceneViewState":{"showFog":false,"showMaterialUpdate":false,"showSkybox":false,"showFlares":false,"showImageEffects":false,"showParticleSystems":false},"in2DMode":false,"pivot":{"x":-0.7277221083641052,"y":-0.47972139716148379,"z":0.02501579187810421},"rotation":{"x":0.03406771272420883,"y":-0.7744895219802856,"z":-0.04186375439167023,"w":-0.630283772945404},"size":6.330968379974365,"orthographic":true}